sample_id,core_sample_id,timepoint,species,tissue,mouse_id,dam_id,cohort,cohort_id,treatment,treatment_group,normal_or_tumor,sample_notes,cellranger_dir,pool_dir,cellranger_raw_h5_filename,cellranger_filtered_h5_filename,cellbender_h5_dir,cellbender_seurat_h5_dir,fpr_dir,cellbender_seurat_h5_filename,cellbender_h5_filename
21,8651-JC-21,3_weeks,Mouse,Mammary,Pb001a,Pb001,cohort 0,0,Pb,pb,Normal,Flash frozen tissue,8651-JC-mammary/10x_analysis_JC-8651_cellranger_v.9.0.0,8651-JC_P02/outs/per_sample_outs,count/sample_raw_feature_bc_matrix.h5,count/sample_filtered_feature_bc_matrix.h5,cellbender/cellbender_h5_outputs,cellbender/cellbender_h5_outputs_for_seurat,FPR_0.0,output_cellbender_8651-JC-21_FPR_0.0_filtered_seurat.h5,output_cellbender_8651-JC-21_FPR_0.0.h5
22,8651-JC-22,3_weeks,Mouse,Mammary,Pb004a,Pb004,cohort 0,0,Pb,pb,Normal,Flash frozen tissue,8651-JC-mammary/10x_analysis_JC-8651_cellranger_v.9.0.0,8651-JC_P02/outs/per_sample_outs,count/sample_raw_feature_bc_matrix.h5,count/sample_filtered_feature_bc_matrix.h5,cellbender/cellbender_h5_outputs,cellbender/cellbender_h5_outputs_for_seurat,FPR_0.0,output_cellbender_8651-JC-22_FPR_0.0_filtered_seurat.h5,output_cellbender_8651-JC-22_FPR_0.0.h5
23,8651-JC-23,3_weeks,Mouse,Mammary,Pb006a,Pb006,cohort 0,0,Pb,pb,Normal,Flash frozen tissue,8651-JC-mammary/10x_analysis_JC-8651_cellranger_v.9.0.0,8651-JC_P02/outs/per_sample_outs,count/sample_raw_feature_bc_matrix.h5,count/sample_filtered_feature_bc_matrix.h5,cellbender/cellbender_h5_outputs,cellbender/cellbender_h5_outputs_for_seurat,FPR_0.0,output_cellbender_8651-JC-23_FPR_0.0_filtered_seurat.h5,output_cellbender_8651-JC-23_FPR_0.0.h5
24,8651-JC-24,3_weeks,Mouse,Mammary,Pb002a,Pb002,cohort 0,0,Pb,pb,Normal,Flash frozen tissue,8651-JC-mammary/10x_analysis_JC-8651_cellranger_v.9.0.0,8651-JC_P02/outs/per_sample_outs,count/sample_raw_feature_bc_matrix.h5,count/sample_filtered_feature_bc_matrix.h5,cellbender/cellbender_h5_outputs,cellbender/cellbender_h5_outputs_for_seurat,FPR_0.0,output_cellbender_8651-JC-24_FPR_0.0_filtered_seurat.h5,output_cellbender_8651-JC-24_FPR_0.0.h5
25,8651-JC-25,3_weeks,Mouse,Mammary,Pb003a,Pb003,cohort 0,0,Pb,pb,Normal,Flash frozen tissue,8651-JC-mammary/10x_analysis_JC-8651_cellranger_v.9.0.0,8651-JC_P02/outs/per_sample_outs,count/sample_raw_feature_bc_matrix.h5,count/sample_filtered_feature_bc_matrix.h5,cellbender/cellbender_h5_outputs,cellbender/cellbender_h5_outputs_for_seurat,FPR_0.0,output_cellbender_8651-JC-25_FPR_0.0_filtered_seurat.h5,output_cellbender_8651-JC-25_FPR_0.0.h5
26,8651-JC-26,3_weeks,Mouse,Mammary,Pb007a,Pb007,cohort 0,0,Pb,pb,Normal,Flash frozen tissue,8651-JC-mammary/10x_analysis_JC-8651_cellranger_v.9.0.0,8651-JC_P02/outs/per_sample_outs,count/sample_raw_feature_bc_matrix.h5,count/sample_filtered_feature_bc_matrix.h5,cellbender/cellbender_h5_outputs,cellbender/cellbender_h5_outputs_for_seurat,FPR_0.0,output_cellbender_8651-JC-26_FPR_0.0_filtered_seurat.h5,output_cellbender_8651-JC-26_FPR_0.0.h5
27,8651-JC-27,3_weeks,Mouse,Mammary,Pb010a,Pb010,cohort 0,0,Control,ctrl,Normal,Flash frozen tissue,8651-JC-mammary/10x_analysis_JC-8651_cellranger_v.9.0.0,8651-JC_P02/outs/per_sample_outs,count/sample_raw_feature_bc_matrix.h5,count/sample_filtered_feature_bc_matrix.h5,cellbender/cellbender_h5_outputs,cellbender/cellbender_h5_outputs_for_seurat,FPR_0.0,output_cellbender_8651-JC-27_FPR_0.0_filtered_seurat.h5,output_cellbender_8651-JC-27_FPR_0.0.h5
28,8651-JC-28,3_weeks,Mouse,Mammary,Pb012a,Pb012,cohort 0,0,Control,ctrl,Normal,Flash frozen tissue,8651-JC-mammary/10x_analysis_JC-8651_cellranger_v.9.0.0,8651-JC_P02/outs/per_sample_outs,count/sample_raw_feature_bc_matrix.h5,count/sample_filtered_feature_bc_matrix.h5,cellbender/cellbender_h5_outputs,cellbender/cellbender_h5_outputs_for_seurat,FPR_0.0,output_cellbender_8651-JC-28_FPR_0.0_filtered_seurat.h5,output_cellbender_8651-JC-28_FPR_0.0.h5
29,8651-JC-29,3_weeks,Mouse,Mammary,Pb016b,Pb016,cohort 0,0,Control,ctrl,Normal,Flash frozen tissue,8651-JC-mammary/10x_analysis_JC-8651_cellranger_v.9.0.0,8651-JC_P02/outs/per_sample_outs,count/sample_raw_feature_bc_matrix.h5,count/sample_filtered_feature_bc_matrix.h5,cellbender/cellbender_h5_outputs,cellbender/cellbender_h5_outputs_for_seurat,FPR_0.0,output_cellbender_8651-JC-29_FPR_0.0_filtered_seurat.h5,output_cellbender_8651-JC-29_FPR_0.0.h5
30,8651-JC-30,3_weeks,Mouse,Mammary,Pb009a,Pb009,cohort 0,0,Control,ctrl,Normal,Flash frozen tissue,8651-JC-mammary/10x_analysis_JC-8651_cellranger_v.9.0.0,8651-JC_P02/outs/per_sample_outs,count/sample_raw_feature_bc_matrix.h5,count/sample_filtered_feature_bc_matrix.h5,cellbender/cellbender_h5_outputs,cellbender/cellbender_h5_outputs_for_seurat,FPR_0.0,output_cellbender_8651-JC-30_FPR_0.0_filtered_seurat.h5,output_cellbender_8651-JC-30_FPR_0.0.h5
31,8651-JC-31,3_weeks,Mouse,Mammary,Pb011a,Pb011,cohort 0,0,Control,ctrl,Normal,Flash frozen tissue,8651-JC-mammary/10x_analysis_JC-8651_cellranger_v.9.0.0,8651-JC_P02/outs/per_sample_outs,count/sample_raw_feature_bc_matrix.h5,count/sample_filtered_feature_bc_matrix.h5,cellbender/cellbender_h5_outputs,cellbender/cellbender_h5_outputs_for_seurat,FPR_0.0,output_cellbender_8651-JC-31_FPR_0.0_filtered_seurat.h5,output_cellbender_8651-JC-31_FPR_0.0.h5
32,8651-JC-32,3_weeks,Mouse,Mammary,Pb016a,Pb016,cohort 0,0,Control,ctrl,Normal,Flash frozen tissue,8651-JC-mammary/10x_analysis_JC-8651_cellranger_v.9.0.0,8651-JC_P02/outs/per_sample_outs,count/sample_raw_feature_bc_matrix.h5,count/sample_filtered_feature_bc_matrix.h5,cellbender/cellbender_h5_outputs,cellbender/cellbender_h5_outputs_for_seurat,FPR_0.0,output_cellbender_8651-JC-32_FPR_0.0_filtered_seurat.h5,output_cellbender_8651-JC-32_FPR_0.0.h5
1,11389-DA-1,7_months,Mouse,Mammary,A027d,A027,AO cohort 4,4,Control,ctrl,Normal,Flash frozen tissue,10x_analysis_11389-DA/10x_analysis_DA-11389_cellranger_v.9.0.0,11389-DA_Pool01/outs/per_sample_outs,count/sample_raw_feature_bc_matrix.h5,count/sample_filtered_feature_bc_matrix.h5,cellbender/cellbender_h5_outputs,cellbender/cellbender_h5_outputs_for_seurat,FPR_0.0,output_cellbender_11389-DA-1_FPR_0.0_filtered_seurat.h5,output_cellbender_11389-DA-1_FPR_0.0.h5
2,11389-DA-2,7_months,Mouse,Mammary,A029d,A029,AO cohort 4,4,Control,ctrl,Normal,Flash frozen tissue,10x_analysis_11389-DA/10x_analysis_DA-11389_cellranger_v.9.0.0,11389-DA_Pool01/outs/per_sample_outs,count/sample_raw_feature_bc_matrix.h5,count/sample_filtered_feature_bc_matrix.h5,cellbender/cellbender_h5_outputs,cellbender/cellbender_h5_outputs_for_seurat,FPR_0.0,output_cellbender_11389-DA-2_FPR_0.0_filtered_seurat.h5,output_cellbender_11389-DA-2_FPR_0.0.h5
3,11389-DA-3,7_months,Mouse,Mammary,A030c,A030,AO cohort 4,4,Control,ctrl,Normal,Flash frozen tissue,10x_analysis_11389-DA/10x_analysis_DA-11389_cellranger_v.9.0.0,11389-DA_Pool01/outs/per_sample_outs,count/sample_raw_feature_bc_matrix.h5,count/sample_filtered_feature_bc_matrix.h5,cellbender/cellbender_h5_outputs,cellbender/cellbender_h5_outputs_for_seurat,FPR_0.0,output_cellbender_11389-DA-3_FPR_0.0_filtered_seurat.h5,output_cellbender_11389-DA-3_FPR_0.0.h5
4,11389-DA-4,7_months,Mouse,Mammary,A031b,A031,AO cohort 4,4,Control,ctrl,Normal,Flash frozen tissue,10x_analysis_11389-DA/10x_analysis_DA-11389_cellranger_v.9.0.0,11389-DA_Pool01/outs/per_sample_outs,count/sample_raw_feature_bc_matrix.h5,count/sample_filtered_feature_bc_matrix.h5,cellbender/cellbender_h5_outputs,cellbender/cellbender_h5_outputs_for_seurat,FPR_0.0,output_cellbender_11389-DA-4_FPR_0.0_filtered_seurat.h5,output_cellbender_11389-DA-4_FPR_0.0.h5
5,11389-DA-5,7_months,Mouse,Mammary,A051b,A051,AO cohort 6,6,Pb,pb,Normal,Flash frozen tissue,10x_analysis_11389-DA/10x_analysis_DA-11389_cellranger_v.9.0.0,11389-DA_Pool01/outs/per_sample_outs,count/sample_raw_feature_bc_matrix.h5,count/sample_filtered_feature_bc_matrix.h5,cellbender/cellbender_h5_outputs,cellbender/cellbender_h5_outputs_for_seurat,FPR_0.0,output_cellbender_11389-DA-5_FPR_0.0_filtered_seurat.h5,output_cellbender_11389-DA-5_FPR_0.0.h5
6,11389-DA-6,7_months,Mouse,Mammary,A052c,A052,AO cohort 6,6,Pb,pb,Normal,Flash frozen tissue,10x_analysis_11389-DA/10x_analysis_DA-11389_cellranger_v.9.0.0,11389-DA_Pool01/outs/per_sample_outs,count/sample_raw_feature_bc_matrix.h5,count/sample_filtered_feature_bc_matrix.h5,cellbender/cellbender_h5_outputs,cellbender/cellbender_h5_outputs_for_seurat,FPR_0.0,output_cellbender_11389-DA-6_FPR_0.0_filtered_seurat.h5,output_cellbender_11389-DA-6_FPR_0.0.h5
7,11389-DA-7,7_months,Mouse,Mammary,A053a,A053,AO cohort 6,6,Pb,pb,Normal,Flash frozen tissue,10x_analysis_11389-DA/10x_analysis_DA-11389_cellranger_v.9.0.0,11389-DA_Pool01/outs/per_sample_outs,count/sample_raw_feature_bc_matrix.h5,count/sample_filtered_feature_bc_matrix.h5,cellbender/cellbender_h5_outputs,cellbender/cellbender_h5_outputs_for_seurat,FPR_0.0,output_cellbender_11389-DA-7_FPR_0.0_filtered_seurat.h5,output_cellbender_11389-DA-7_FPR_0.0.h5
8,11389-DA-8,7_months,Mouse,Mammary,A054b,A054,AO cohort 6,6,Pb,pb,Normal,Flash frozen tissue,10x_analysis_11389-DA/10x_analysis_DA-11389_cellranger_v.9.0.0,11389-DA_Pool01/outs/per_sample_outs,count/sample_raw_feature_bc_matrix.h5,count/sample_filtered_feature_bc_matrix.h5,cellbender/cellbender_h5_outputs,cellbender/cellbender_h5_outputs_for_seurat,FPR_0.0,output_cellbender_11389-DA-8_FPR_0.0_filtered_seurat.h5,output_cellbender_11389-DA-8_FPR_0.0.h5
9,11389-DA-9,week18.4dam,Mouse,Mammary,053a,53,cohort 5,5,Pb,pb,Normal,Flash frozen tissue,10x_analysis_11389-DA/10x_analysis_DA-11389_cellranger_v.9.0.0,11389-DA_Pool01/outs/per_sample_outs,count/sample_raw_feature_bc_matrix.h5,count/sample_filtered_feature_bc_matrix.h5,cellbender/cellbender_h5_outputs,cellbender/cellbender_h5_outputs_for_seurat,FPR_0.0,output_cellbender_11389-DA-9_FPR_0.0_filtered_seurat.h5,output_cellbender_11389-DA-9_FPR_0.0.h5
10,11389-DA-10,week18.4dam,Mouse,Mammary,056c,56,cohort 6,6,Pb,pb,Normal,Flash frozen tissue,10x_analysis_11389-DA/10x_analysis_DA-11389_cellranger_v.9.0.0,11389-DA_Pool01/outs/per_sample_outs,count/sample_raw_feature_bc_matrix.h5,count/sample_filtered_feature_bc_matrix.h5,cellbender/cellbender_h5_outputs,cellbender/cellbender_h5_outputs_for_seurat,FPR_0.0,output_cellbender_11389-DA-10_FPR_0.0_filtered_seurat.h5,output_cellbender_11389-DA-10_FPR_0.0.h5
11,11389-DA-11,week18.4dam,Mouse,Mammary,060a,60,cohort 6,6,Pb,pb,Normal,Flash frozen tissue,10x_analysis_11389-DA/10x_analysis_DA-11389_cellranger_v.9.0.0,11389-DA_Pool01/outs/per_sample_outs,count/sample_raw_feature_bc_matrix.h5,count/sample_filtered_feature_bc_matrix.h5,cellbender/cellbender_h5_outputs,cellbender/cellbender_h5_outputs_for_seurat,FPR_0.0,output_cellbender_11389-DA-11_FPR_0.0_filtered_seurat.h5,output_cellbender_11389-DA-11_FPR_0.0.h5
12,11389-DA-12,week18.4dam,Mouse,Mammary,073b,73,cohort 7,7,Pb,pb,Normal,Flash frozen tissue,10x_analysis_11389-DA/10x_analysis_DA-11389_cellranger_v.9.0.0,11389-DA_Pool01/outs/per_sample_outs,count/sample_raw_feature_bc_matrix.h5,count/sample_filtered_feature_bc_matrix.h5,cellbender/cellbender_h5_outputs,cellbender/cellbender_h5_outputs_for_seurat,FPR_0.0,output_cellbender_11389-DA-12_FPR_0.0_filtered_seurat.h5,output_cellbender_11389-DA-12_FPR_0.0.h5
13,11389-DA-13,week18.4dam,Mouse,Mammary,038a,38,cohort 4,4,Control,ctrl,Normal,Flash frozen tissue,10x_analysis_11389-DA/10x_analysis_DA-11389_cellranger_v.9.0.0,11389-DA_Pool01/outs/per_sample_outs,count/sample_raw_feature_bc_matrix.h5,count/sample_filtered_feature_bc_matrix.h5,cellbender/cellbender_h5_outputs,cellbender/cellbender_h5_outputs_for_seurat,FPR_0.0,output_cellbender_11389-DA-13_FPR_0.0_filtered_seurat.h5,output_cellbender_11389-DA-13_FPR_0.0.h5
14,11389-DA-14,week18.4dam,Mouse,Mammary,041a,41,cohort 4,4,Control,ctrl,Normal,Flash frozen tissue,10x_analysis_11389-DA/10x_analysis_DA-11389_cellranger_v.9.0.0,11389-DA_Pool01/outs/per_sample_outs,count/sample_raw_feature_bc_matrix.h5,count/sample_filtered_feature_bc_matrix.h5,cellbender/cellbender_h5_outputs,cellbender/cellbender_h5_outputs_for_seurat,FPR_0.0,output_cellbender_11389-DA-14_FPR_0.0_filtered_seurat.h5,output_cellbender_11389-DA-14_FPR_0.0.h5
15,11389-DA-15,week18.4dam,Mouse,Mammary,073a,73,cohort 7,7,Control,ctrl,Normal,Flash frozen tissue,10x_analysis_11389-DA/10x_analysis_DA-11389_cellranger_v.9.0.0,11389-DA_Pool01/outs/per_sample_outs,count/sample_raw_feature_bc_matrix.h5,count/sample_filtered_feature_bc_matrix.h5,cellbender/cellbender_h5_outputs,cellbender/cellbender_h5_outputs_for_seurat,FPR_0.0,output_cellbender_11389-DA-15_FPR_0.0_filtered_seurat.h5,output_cellbender_11389-DA-15_FPR_0.0.h5
16,11389-DA-16,week18.4dam,Mouse,Mammary,074a,74,cohort 7,7,Control,ctrl,Normal,Flash frozen tissue,10x_analysis_11389-DA/10x_analysis_DA-11389_cellranger_v.9.0.0,11389-DA_Pool01/outs/per_sample_outs,count/sample_raw_feature_bc_matrix.h5,count/sample_filtered_feature_bc_matrix.h5,cellbender/cellbender_h5_outputs,cellbender/cellbender_h5_outputs_for_seurat,FPR_0.0,output_cellbender_11389-DA-16_FPR_0.0_filtered_seurat.h5,output_cellbender_11389-DA-16_FPR_0.0.h5
25,11389-DA-25,18_months,Mouse,Mammary,A029b,A029,cohort 4,4,Control,ctrl,Normal,Flash frozen tissue,10x_analysis_11389-DA/10x_analysis_DA-11389_cellranger_v.9.0.0,11389-DA_Pool02/outs/per_sample_outs,count/sample_raw_feature_bc_matrix.h5,count/sample_filtered_feature_bc_matrix.h5,cellbender/cellbender_h5_outputs,cellbender/cellbender_h5_outputs_for_seurat,FPR_0.0,output_cellbender_11389-DA-25_FPR_0.0_filtered_seurat.h5,output_cellbender_11389-DA-25_FPR_0.0.h5
26,11389-DA-26,18_months,Mouse,Mammary,A030b,A030,cohort 4,4,Control,ctrl,Normal,Flash frozen tissue,10x_analysis_11389-DA/10x_analysis_DA-11389_cellranger_v.9.0.0,11389-DA_Pool02/outs/per_sample_outs,count/sample_raw_feature_bc_matrix.h5,count/sample_filtered_feature_bc_matrix.h5,cellbender/cellbender_h5_outputs,cellbender/cellbender_h5_outputs_for_seurat,FPR_0.0,output_cellbender_11389-DA-26_FPR_0.0_filtered_seurat.h5,output_cellbender_11389-DA-26_FPR_0.0.h5
27,11389-DA-27,18_months,Mouse,Mammary,A031a,A031,cohort 4,4,Control,ctrl,Normal,Flash frozen tissue,10x_analysis_11389-DA/10x_analysis_DA-11389_cellranger_v.9.0.0,11389-DA_Pool02/outs/per_sample_outs,count/sample_raw_feature_bc_matrix.h5,count/sample_filtered_feature_bc_matrix.h5,cellbender/cellbender_h5_outputs,cellbender/cellbender_h5_outputs_for_seurat,FPR_0.0,output_cellbender_11389-DA-27_FPR_0.0_filtered_seurat.h5,output_cellbender_11389-DA-27_FPR_0.0.h5
28,11389-DA-28,18_months,Mouse,Mammary,A032a,A032,cohort 4,4,Control,ctrl,Normal,Flash frozen tissue,10x_analysis_11389-DA/10x_analysis_DA-11389_cellranger_v.9.0.0,11389-DA_Pool02/outs/per_sample_outs,count/sample_raw_feature_bc_matrix.h5,count/sample_filtered_feature_bc_matrix.h5,cellbender/cellbender_h5_outputs,cellbender/cellbender_h5_outputs_for_seurat,FPR_0.0,output_cellbender_11389-DA-28_FPR_0.0_filtered_seurat.h5,output_cellbender_11389-DA-28_FPR_0.0.h5
29,11389-DA-29,18_months,Mouse,Mammary,A044b,A044,cohort 5,5,Pb,pb,Normal,Flash frozen tissue,10x_analysis_11389-DA/10x_analysis_DA-11389_cellranger_v.9.0.0,11389-DA_Pool02/outs/per_sample_outs,count/sample_raw_feature_bc_matrix.h5,count/sample_filtered_feature_bc_matrix.h5,cellbender/cellbender_h5_outputs,cellbender/cellbender_h5_outputs_for_seurat,FPR_0.0,output_cellbender_11389-DA-29_FPR_0.0_filtered_seurat.h5,output_cellbender_11389-DA-29_FPR_0.0.h5
30,11389-DA-30,18_months,Mouse,Mammary,A052a,A052,cohort 6,6,Pb,pb,Normal,Flash frozen tissue,10x_analysis_11389-DA/10x_analysis_DA-11389_cellranger_v.9.0.0,11389-DA_Pool02/outs/per_sample_outs,count/sample_raw_feature_bc_matrix.h5,count/sample_filtered_feature_bc_matrix.h5,cellbender/cellbender_h5_outputs,cellbender/cellbender_h5_outputs_for_seurat,FPR_0.0,output_cellbender_11389-DA-30_FPR_0.0_filtered_seurat.h5,output_cellbender_11389-DA-30_FPR_0.0.h5
31,11389-DA-31,18_months,Mouse,Mammary,A053c,A053,cohort 6,6,Pb,pb,Normal,Flash frozen tissue,10x_analysis_11389-DA/10x_analysis_DA-11389_cellranger_v.9.0.0,11389-DA_Pool02/outs/per_sample_outs,count/sample_raw_feature_bc_matrix.h5,count/sample_filtered_feature_bc_matrix.h5,cellbender/cellbender_h5_outputs,cellbender/cellbender_h5_outputs_for_seurat,FPR_0.0,output_cellbender_11389-DA-31_FPR_0.0_filtered_seurat.h5,output_cellbender_11389-DA-31_FPR_0.0.h5
32,11389-DA-32,18_months,Mouse,Mammary,Pb001d,Pb001,cohort 0,0,Pb,pb,Normal,Flash frozen tissue,10x_analysis_11389-DA/10x_analysis_DA-11389_cellranger_v.9.0.0,11389-DA_Pool02/outs/per_sample_outs,count/sample_raw_feature_bc_matrix.h5,count/sample_filtered_feature_bc_matrix.h5,cellbender/cellbender_h5_outputs,cellbender/cellbender_h5_outputs_for_seurat,FPR_0.0,output_cellbender_11389-DA-32_FPR_0.0_filtered_seurat.h5,output_cellbender_11389-DA-32_FPR_0.0.h5
33,11389-DA-33,10_weeks,Mouse,Mammary,A027b,A027,cohort 4,4,Control,ctrl,Normal,Flash frozen tissue,10x_analysis_11389-DA/10x_analysis_DA-11389_cellranger_v.9.0.0,11389-DA_Pool03/outs/per_sample_outs,count/sample_raw_feature_bc_matrix.h5,count/sample_filtered_feature_bc_matrix.h5,cellbender/cellbender_h5_outputs,cellbender/cellbender_h5_outputs_for_seurat,FPR_0.0,output_cellbender_11389-DA-33_FPR_0.0_filtered_seurat.h5,output_cellbender_11389-DA-33_FPR_0.0.h5
34,11389-DA-34,10_weeks,Mouse,Mammary,A029a,A029,cohort 4,4,Control,ctrl,Normal,Flash frozen tissue,10x_analysis_11389-DA/10x_analysis_DA-11389_cellranger_v.9.0.0,11389-DA_Pool03/outs/per_sample_outs,count/sample_raw_feature_bc_matrix.h5,count/sample_filtered_feature_bc_matrix.h5,cellbender/cellbender_h5_outputs,cellbender/cellbender_h5_outputs_for_seurat,FPR_0.0,output_cellbender_11389-DA-34_FPR_0.0_filtered_seurat.h5,output_cellbender_11389-DA-34_FPR_0.0.h5
35,11389-DA-35,10_weeks,Mouse,Mammary,A030a,A030,cohort 4,4,Control,ctrl,Normal,Flash frozen tissue,10x_analysis_11389-DA/10x_analysis_DA-11389_cellranger_v.9.0.0,11389-DA_Pool03/outs/per_sample_outs,count/sample_raw_feature_bc_matrix.h5,count/sample_filtered_feature_bc_matrix.h5,cellbender/cellbender_h5_outputs,cellbender/cellbender_h5_outputs_for_seurat,FPR_0.0,output_cellbender_11389-DA-35_FPR_0.0_filtered_seurat.h5,output_cellbender_11389-DA-35_FPR_0.0.h5
36,11389-DA-36,10_weeks,Mouse,Mammary,A031h,A031,cohort 4,4,Control,ctrl,Normal,Flash frozen tissue,10x_analysis_11389-DA/10x_analysis_DA-11389_cellranger_v.9.0.0,11389-DA_Pool03/outs/per_sample_outs,count/sample_raw_feature_bc_matrix.h5,count/sample_filtered_feature_bc_matrix.h5,cellbender/cellbender_h5_outputs,cellbender/cellbender_h5_outputs_for_seurat,FPR_0.0,output_cellbender_11389-DA-36_FPR_0.0_filtered_seurat.h5,output_cellbender_11389-DA-36_FPR_0.0.h5
37,11389-DA-37,10_weeks,Mouse,Mammary,A051a,A051,cohort 6,6,Pb,pb,Normal,Flash frozen tissue,10x_analysis_11389-DA/10x_analysis_DA-11389_cellranger_v.9.0.0,11389-DA_Pool03/outs/per_sample_outs,count/sample_raw_feature_bc_matrix.h5,count/sample_filtered_feature_bc_matrix.h5,cellbender/cellbender_h5_outputs,cellbender/cellbender_h5_outputs_for_seurat,FPR_0.0,output_cellbender_11389-DA-37_FPR_0.0_filtered_seurat.h5,output_cellbender_11389-DA-37_FPR_0.0.h5
38,11389-DA-38,10_weeks,Mouse,Mammary,A052b,A052,cohort 6,6,Pb,pb,Normal,Flash frozen tissue,10x_analysis_11389-DA/10x_analysis_DA-11389_cellranger_v.9.0.0,11389-DA_Pool03/outs/per_sample_outs,count/sample_raw_feature_bc_matrix.h5,count/sample_filtered_feature_bc_matrix.h5,cellbender/cellbender_h5_outputs,cellbender/cellbender_h5_outputs_for_seurat,FPR_0.0,output_cellbender_11389-DA-38_FPR_0.0_filtered_seurat.h5,output_cellbender_11389-DA-38_FPR_0.0.h5
39,11389-DA-39,10_weeks,Mouse,Mammary,A053d,A053,cohort 6,6,Pb,pb,Normal,Flash frozen tissue,10x_analysis_11389-DA/10x_analysis_DA-11389_cellranger_v.9.0.0,11389-DA_Pool03/outs/per_sample_outs,count/sample_raw_feature_bc_matrix.h5,count/sample_filtered_feature_bc_matrix.h5,cellbender/cellbender_h5_outputs,cellbender/cellbender_h5_outputs_for_seurat,FPR_0.0,output_cellbender_11389-DA-39_FPR_0.0_filtered_seurat.h5,output_cellbender_11389-DA-39_FPR_0.0.h5
40,11389-DA-40,10_weeks,Mouse,Mammary,A054a,A054,cohort 6,6,Pb,pb,Normal,Flash frozen tissue,10x_analysis_11389-DA/10x_analysis_DA-11389_cellranger_v.9.0.0,11389-DA_Pool03/outs/per_sample_outs,count/sample_raw_feature_bc_matrix.h5,count/sample_filtered_feature_bc_matrix.h5,cellbender/cellbender_h5_outputs,cellbender/cellbender_h5_outputs_for_seurat,FPR_0.0,output_cellbender_11389-DA-40_FPR_0.0_filtered_seurat.h5,output_cellbender_11389-DA-40_FPR_0.0.h5
41,11389-DA-41,10_weeks,Mouse,Mammary,A033c,A033,cohort 4,4,AO,ao,Normal,Flash frozen tissue,10x_analysis_11389-DA/10x_analysis_DA-11389_cellranger_v.9.0.0,11389-DA_Pool03/outs/per_sample_outs,count/sample_raw_feature_bc_matrix.h5,count/sample_filtered_feature_bc_matrix.h5,cellbender/cellbender_h5_outputs,cellbender/cellbender_h5_outputs_for_seurat,FPR_0.0,output_cellbender_11389-DA-41_FPR_0.0_filtered_seurat.h5,output_cellbender_11389-DA-41_FPR_0.0.h5
42,11389-DA-42,10_weeks,Mouse,Mammary,A034c,A034,cohort 4,4,AO,ao,Normal,Flash frozen tissue,10x_analysis_11389-DA/10x_analysis_DA-11389_cellranger_v.9.0.0,11389-DA_Pool03/outs/per_sample_outs,count/sample_raw_feature_bc_matrix.h5,count/sample_filtered_feature_bc_matrix.h5,cellbender/cellbender_h5_outputs,cellbender/cellbender_h5_outputs_for_seurat,FPR_0.0,output_cellbender_11389-DA-42_FPR_0.0_filtered_seurat.h5,output_cellbender_11389-DA-42_FPR_0.0.h5
43,11389-DA-43,10_weeks,Mouse,Mammary,A036a,A036,cohort 4,4,AO,ao,Normal,Flash frozen tissue,10x_analysis_11389-DA/10x_analysis_DA-11389_cellranger_v.9.0.0,11389-DA_Pool03/outs/per_sample_outs,count/sample_raw_feature_bc_matrix.h5,count/sample_filtered_feature_bc_matrix.h5,cellbender/cellbender_h5_outputs,cellbender/cellbender_h5_outputs_for_seurat,FPR_0.0,output_cellbender_11389-DA-43_FPR_0.0_filtered_seurat.h5,output_cellbender_11389-DA-43_FPR_0.0.h5
44,11389-DA-44,10_weeks,Mouse,Mammary,A037b,A037,cohort 4,4,AO,ao,Normal,Flash frozen tissue,10x_analysis_11389-DA/10x_analysis_DA-11389_cellranger_v.9.0.0,11389-DA_Pool03/outs/per_sample_outs,count/sample_raw_feature_bc_matrix.h5,count/sample_filtered_feature_bc_matrix.h5,cellbender/cellbender_h5_outputs,cellbender/cellbender_h5_outputs_for_seurat,FPR_0.0,output_cellbender_11389-DA-44_FPR_0.0_filtered_seurat.h5,output_cellbender_11389-DA-44_FPR_0.0.h5
45,11389-DA-45,10_weeks,Mouse,Mammary,A047d,A047,cohort 5,5,AO-Pb,aopb,Normal,Flash frozen tissue,10x_analysis_11389-DA/10x_analysis_DA-11389_cellranger_v.9.0.0,11389-DA_Pool03/outs/per_sample_outs,count/sample_raw_feature_bc_matrix.h5,count/sample_filtered_feature_bc_matrix.h5,cellbender/cellbender_h5_outputs,cellbender/cellbender_h5_outputs_for_seurat,FPR_0.0,output_cellbender_11389-DA-45_FPR_0.0_filtered_seurat.h5,output_cellbender_11389-DA-45_FPR_0.0.h5
46,11389-DA-46,10_weeks,Mouse,Mammary,A069c,A069,cohort 7,7,AO-Pb,aopb,Normal,Flash frozen tissue,10x_analysis_11389-DA/10x_analysis_DA-11389_cellranger_v.9.0.0,11389-DA_Pool03/outs/per_sample_outs,count/sample_raw_feature_bc_matrix.h5,count/sample_filtered_feature_bc_matrix.h5,cellbender/cellbender_h5_outputs,cellbender/cellbender_h5_outputs_for_seurat,FPR_0.0,output_cellbender_11389-DA-46_FPR_0.0_filtered_seurat.h5,output_cellbender_11389-DA-46_FPR_0.0.h5
47,11389-DA-47,10_weeks,Mouse,Mammary,A074c,A074,cohort 7,7,AO-Pb,aopb,Normal,Flash frozen tissue,10x_analysis_11389-DA/10x_analysis_DA-11389_cellranger_v.9.0.0,11389-DA_Pool03/outs/per_sample_outs,count/sample_raw_feature_bc_matrix.h5,count/sample_filtered_feature_bc_matrix.h5,cellbender/cellbender_h5_outputs,cellbender/cellbender_h5_outputs_for_seurat,FPR_0.0,output_cellbender_11389-DA-47_FPR_0.0_filtered_seurat.h5,output_cellbender_11389-DA-47_FPR_0.0.h5
48,11389-DA-48,10_weeks,Mouse,Mammary,A076a,A076,cohort 7,7,AO-Pb,aopb,Normal,Flash frozen tissue,10x_analysis_11389-DA/10x_analysis_DA-11389_cellranger_v.9.0.0,11389-DA_Pool03/outs/per_sample_outs,count/sample_raw_feature_bc_matrix.h5,count/sample_filtered_feature_bc_matrix.h5,cellbender/cellbender_h5_outputs,cellbender/cellbender_h5_outputs_for_seurat,FPR_0.0,output_cellbender_11389-DA-48_FPR_0.0_filtered_seurat.h5,output_cellbender_11389-DA-48_FPR_0.0.h5
